participant,level,metric,unit,generated_reference,actual,difference_actual_minus_reference
P01,alpha,finger_transition_distance,finger steps,1.0,0.16297208538587848,-0.8370279146141215
P02,alpha,finger_transition_distance,finger steps,0.9752747252747254,0.06043956043956044,-0.9148351648351649
P03,alpha,finger_transition_distance,finger steps,0.9903676570343237,0.33641975308641975,-0.6539479039479039
P04,alpha,finger_transition_distance,finger steps,0.9523809523809524,0.49725274725274726,-0.4551282051282052
P05,alpha,finger_transition_distance,finger steps,0.9876543209876543,0.2517636684303351,-0.7358906525573192
P06,alpha,finger_transition_distance,finger steps,0.9880952380952381,0.023809523809523808,-0.9642857142857143
P07,alpha,finger_transition_distance,finger steps,0.9761904761904763,0.869047619047619,-0.10714285714285732
P08,alpha,finger_transition_distance,finger steps,1.0,0.14285714285714288,-0.8571428571428571
P09,alpha,finger_transition_distance,finger steps,0.9404761904761904,0.16666666666666666,-0.7738095238095237
P10,alpha,finger_transition_distance,finger steps,0.9880952380952381,0.11904761904761903,-0.8690476190476191
P11,alpha,finger_transition_distance,finger steps,0.9400352733686067,0.37566137566137564,-0.564373897707231
P12,alpha,finger_transition_distance,finger steps,0.9885361552028219,0.47134038800705463,-0.5171957671957672
P13,alpha,finger_transition_distance,finger steps,0.9880952380952381,0.8214285714285715,-0.16666666666666663
P14,alpha,finger_transition_distance,finger steps,0.9523809523809524,0.6666666666666666,-0.2857142857142858
P15,alpha,finger_transition_distance,finger steps,0.9523809523809524,0.32142857142857145,-0.6309523809523809
P16,alpha,finger_transition_distance,finger steps,0.9400352733686067,0.6128747795414462,-0.3271604938271605
P01,beta,finger_transition_distance,finger steps,1.3333333333333333,0.2976190476190476,-1.0357142857142856
P02,beta,finger_transition_distance,finger steps,1.216490299823633,0.03659611992945326,-1.1798941798941798
P03,beta,finger_transition_distance,finger steps,1.3637566137566137,0.30158730158730157,-1.062169312169312
P04,beta,finger_transition_distance,finger steps,1.3452380952380951,0.7142857142857143,-0.6309523809523808
P05,beta,finger_transition_distance,finger steps,1.273809523809524,0.4942528735632184,-0.7795566502463056
P06,beta,finger_transition_distance,finger steps,1.4104938271604939,0.2288359788359788,-1.181657848324515
P07,beta,finger_transition_distance,finger steps,1.4104938271604937,0.7826278659611994,-0.6278659611992943
P08,beta,finger_transition_distance,finger steps,1.3355379188712522,0.39858906525573196,-0.9369488536155202
P09,beta,finger_transition_distance,finger steps,1.226190476190476,0.13095238095238093,-1.0952380952380951
P10,beta,finger_transition_distance,finger steps,1.3276014109347443,0.1922398589065256,-1.1353615520282188
P11,beta,finger_transition_distance,finger steps,1.357142857142857,0.5,-0.857142857142857
P12,beta,finger_transition_distance,finger steps,1.25,0.6428571428571429,-0.6071428571428571
P13,beta,finger_transition_distance,finger steps,1.2636684303350971,0.79320987654321,-0.47045855379188717
P14,beta,finger_transition_distance,finger steps,1.2380952380952381,0.4523809523809524,-0.7857142857142858
P15,beta,finger_transition_distance,finger steps,1.4078483245149913,0.35008818342151676,-1.0577601410934745
P16,beta,finger_transition_distance,finger steps,1.3650793650793653,0.5361552028218695,-0.8289241622574959
P01,gamma,finger_transition_distance,finger steps,2.0595238095238098,0.5952380952380952,-1.4642857142857144
P02,gamma,finger_transition_distance,finger steps,2.0380246913580247,0.4131054131054131,-1.6249192782526116
P03,gamma,finger_transition_distance,finger steps,2.1340727174060508,0.9582824582824584,-1.1757902591235925
P04,gamma,finger_transition_distance,finger steps,2.142857142857143,0.8068783068783069,-1.3359788359788358
P05,gamma,finger_transition_distance,finger steps,1.9634038800705467,0.7627865961199296,-1.200617283950617
P06,gamma,finger_transition_distance,finger steps,2.142857142857143,0.37602627257799665,-1.7668308702791462
P07,gamma,finger_transition_distance,finger steps,2.097442680776014,1.2667548500881833,-0.8306878306878305
P08,gamma,finger_transition_distance,finger steps,2.142857142857143,0.8928571428571428,-1.25
P09,gamma,finger_transition_distance,finger steps,2.1093474426807757,0.03571428571428571,-2.07363315696649
P10,gamma,finger_transition_distance,finger steps,2.1490299823633157,0.6419753086419753,-1.5070546737213404
P11,gamma,finger_transition_distance,finger steps,2.229276895943563,0.7279541446208113,-1.5013227513227516
P12,gamma,finger_transition_distance,finger steps,2.130952380952381,1.0714285714285714,-1.0595238095238095
P13,gamma,finger_transition_distance,finger steps,2.0595238095238098,0.5595238095238094,-1.5000000000000004
P14,gamma,finger_transition_distance,finger steps,2.1318342151675487,0.7235449735449735,-1.4082892416225752
P15,gamma,finger_transition_distance,finger steps,2.0864197530864197,0.7777777777777777,-1.308641975308642
P16,gamma,finger_transition_distance,finger steps,2.134479717813051,1.2901234567901236,-0.8443562610229274
P01,alpha,hand_switch_rate,%,34.48275862068966,8.045977011494253,-26.436781609195407
P02,alpha,hand_switch_rate,%,33.03533418475947,23.8399318859089,-9.19540229885057
P03,alpha,hand_switch_rate,%,33.40479231283829,28.89223377729125,-4.51255853554704
P04,alpha,hand_switch_rate,%,34.18475947211579,9.365687526607067,-24.819071945508725
P05,alpha,hand_switch_rate,%,33.74384236453202,27.66830870279146,-6.075533661740561
P06,alpha,hand_switch_rate,%,33.333333333333336,22.988505747126435,-10.3448275862069
P07,alpha,hand_switch_rate,%,33.333333333333336,31.034482758620694,-2.2988505747126418
P08,alpha,hand_switch_rate,%,34.48275862068966,43.67816091954023,9.195402298850574
P09,alpha,hand_switch_rate,%,31.034482758620687,24.13793103448276,-6.896551724137925
P10,alpha,hand_switch_rate,%,31.034482758620687,39.08045977011494,8.045977011494255
P11,alpha,hand_switch_rate,%,33.74384236453202,44.21182266009853,10.467980295566505
P12,alpha,hand_switch_rate,%,32.55336617405583,38.38259441707717,5.8292282430213405
P13,alpha,hand_switch_rate,%,32.18390804597701,32.18390804597701,0.0
P14,alpha,hand_switch_rate,%,33.333333333333336,25.28735632183908,-8.045977011494255
P15,alpha,hand_switch_rate,%,33.333333333333336,45.97701149425288,12.643678160919542
P16,alpha,hand_switch_rate,%,33.74384236453202,20.935960591133,-12.807881773399021
P01,beta,hand_switch_rate,%,47.12643678160919,24.13793103448276,-22.988505747126432
P02,beta,hand_switch_rate,%,45.320197044334975,24.548440065681444,-20.77175697865353
P03,beta,hand_switch_rate,%,46.55172413793104,27.99671592775041,-18.555008210180628
P04,beta,hand_switch_rate,%,44.82758620689655,26.436781609195407,-18.39080459770114
P05,beta,hand_switch_rate,%,42.52873563218391,18.39080459770115,-24.13793103448276
P06,beta,hand_switch_rate,%,47.66009852216749,33.62068965517241,-14.039408866995075
P07,beta,hand_switch_rate,%,47.66009852216749,33.62068965517241,-14.039408866995075
P08,beta,hand_switch_rate,%,47.701149425287355,33.825944170771756,-13.875205254515599
P09,beta,hand_switch_rate,%,45.97701149425287,41.37931034482759,-4.5977011494252835
P10,beta,hand_switch_rate,%,46.55172413793104,32.34811165845648,-14.203612479474558
P11,beta,hand_switch_rate,%,43.67816091954023,43.67816091954023,0.0
P12,beta,hand_switch_rate,%,43.67816091954023,43.67816091954023,0.0
P13,beta,hand_switch_rate,%,45.320197044334975,26.51888341543514,-18.801313628899834
P14,beta,hand_switch_rate,%,45.97701149425288,41.37931034482759,-4.597701149425291
P15,beta,hand_switch_rate,%,46.51067323481117,39.614121510673236,-6.896551724137936
P16,beta,hand_switch_rate,%,44.70443349753695,29.392446633825944,-15.311986863711002
P01,gamma,hand_switch_rate,%,58.620689655172406,44.82758620689655,-13.793103448275858
P02,gamma,hand_switch_rate,%,52.38095238095238,33.333333333333336,-19.047619047619044
P03,gamma,hand_switch_rate,%,54.76646597336253,60.59569421638387,5.8292282430213405
P04,gamma,hand_switch_rate,%,57.01970443349753,54.55665024630542,-2.463054187192107
P05,gamma,hand_switch_rate,%,57.01970443349754,47.57799671592775,-9.441707717569784
P06,gamma,hand_switch_rate,%,55.17241379310345,32.18390804597701,-22.98850574712644
P07,gamma,hand_switch_rate,%,53.48932676518883,62.76683087027914,9.277504105090316
P08,gamma,hand_switch_rate,%,52.87356321839081,56.32183908045977,3.448275862068961
P09,gamma,hand_switch_rate,%,55.78817733990147,46.67487684729064,-9.113300492610833
P10,gamma,hand_switch_rate,%,55.29556650246305,56.650246305418726,1.3546798029556726
P11,gamma,hand_switch_rate,%,55.82922824302134,63.99835796387521,8.169129720853867
P12,gamma,hand_switch_rate,%,56.32183908045977,54.02298850574712,-2.2988505747126453
P13,gamma,hand_switch_rate,%,55.17241379310344,50.57471264367816,-4.597701149425276
P14,gamma,hand_switch_rate,%,54.59770114942528,60.4679802955665,5.870279146141215
P15,gamma,hand_switch_rate,%,55.254515599343186,48.19376026272578,-7.0607553366174045
P16,gamma,hand_switch_rate,%,53.44827586206896,46.75697865353038,-6.691297208538579
P01,alpha,same_hand_key_travel,semitones,1.3214285714285714,2.512725779967159,1.1912972085385876
P02,alpha,same_hand_key_travel,semitones,1.5906593406593406,2.4386446886446884,0.8479853479853479
P03,alpha,same_hand_key_travel,semitones,1.3962148962148964,1.8339438339438339,0.4377289377289375
P04,alpha,same_hand_key_travel,semitones,1.3653846153846156,2.2582417582417587,0.892857142857143
P05,alpha,same_hand_key_travel,semitones,1.3487654320987652,2.052469135802469,0.7037037037037039
P06,alpha,same_hand_key_travel,semitones,1.6547619047619049,2.075944170771757,0.4211822660098521
P07,alpha,same_hand_key_travel,semitones,1.4285714285714286,2.035714285714286,0.6071428571428574
P08,alpha,same_hand_key_travel,semitones,1.3690476190476193,1.7976190476190474,0.42857142857142816
P09,alpha,same_hand_key_travel,semitones,1.4285714285714286,2.119047619047619,0.6904761904761905
P10,alpha,same_hand_key_travel,semitones,1.5119047619047619,1.7261904761904763,0.2142857142857144
P11,alpha,same_hand_key_travel,semitones,1.279541446208113,1.864638447971781,0.5850970017636681
P12,alpha,same_hand_key_travel,semitones,1.4708994708994707,1.7253086419753085,0.2544091710758378
P13,alpha,same_hand_key_travel,semitones,1.4523809523809526,2.261904761904762,0.8095238095238093
P14,alpha,same_hand_key_travel,semitones,1.2499999999999998,2.035714285714286,0.7857142857142863
P15,alpha,same_hand_key_travel,semitones,1.3452380952380951,1.6547619047619049,0.30952380952380976
P16,alpha,same_hand_key_travel,semitones,1.3752204585537917,2.0577601410934743,0.6825396825396826
P01,beta,same_hand_key_travel,semitones,2.75,2.8095238095238098,0.059523809523809756
P02,beta,same_hand_key_travel,semitones,2.807319223985891,2.904320987654321,0.09700176366842994
P03,beta,same_hand_key_travel,semitones,2.7764550264550265,2.6335978835978833,-0.14285714285714324
P04,beta,same_hand_key_travel,semitones,2.535714285714286,2.5,-0.03571428571428603
P05,beta,same_hand_key_travel,semitones,2.714285714285714,2.884646962233169,0.17036124794745522
P06,beta,same_hand_key_travel,semitones,2.3249559082892417,2.6172839506172836,0.2923280423280419
P07,beta,same_hand_key_travel,semitones,2.3743386243386246,2.1318342151675487,-0.24250440917107596
P08,beta,same_hand_key_travel,semitones,2.7261904761904763,2.830246913580247,0.10405643738977055
P09,beta,same_hand_key_travel,semitones,2.535714285714286,2.547619047619048,0.011904761904761862
P10,beta,same_hand_key_travel,semitones,2.430335097001764,2.5943562610229276,0.16402116402116373
P11,beta,same_hand_key_travel,semitones,2.4642857142857144,2.380952380952381,-0.08333333333333348
P12,beta,same_hand_key_travel,semitones,2.5476190476190474,2.4761904761904763,-0.07142857142857117
P13,beta,same_hand_key_travel,semitones,2.623015873015873,2.8439153439153437,0.2208994708994707
P14,beta,same_hand_key_travel,semitones,2.7619047619047614,2.690476190476191,-0.07142857142857029
P15,beta,same_hand_key_travel,semitones,2.548500881834215,2.6543209876543212,0.10582010582010604
P16,beta,same_hand_key_travel,semitones,2.5388007054673722,2.4876543209876543,-0.05114638447971798
P01,gamma,same_hand_key_travel,semitones,5.2023809523809526,4.464285714285714,-0.7380952380952381
P02,gamma,same_hand_key_travel,semitones,4.8785185185185185,5.011396011396012,0.13287749287749318
P03,gamma,same_hand_key_travel,semitones,5.136412969746304,4.3694885361552025,-0.7669244335911012
P04,gamma,same_hand_key_travel,semitones,5.253086419753086,3.8875661375661377,-1.3655202821869485
P05,gamma,same_hand_key_travel,semitones,4.931657848324515,4.249118165784832,-0.6825396825396828
P06,gamma,same_hand_key_travel,semitones,5.3690476190476195,5.219211822660099,-0.14983579638752076
P07,gamma,same_hand_key_travel,semitones,5.0282186948853616,4.221340388007055,-0.806878306878307
P08,gamma,same_hand_key_travel,semitones,5.107142857142857,4.238095238095238,-0.8690476190476186
P09,gamma,same_hand_key_travel,semitones,5.131834215167549,4.174603174603175,-0.9572310405643742
P10,gamma,same_hand_key_travel,semitones,5.332010582010581,4.583333333333333,-0.7486772486772484
P11,gamma,same_hand_key_travel,semitones,5.327160493827161,4.317460317460317,-1.0097001763668434
P12,gamma,same_hand_key_travel,semitones,5.511904761904762,4.6309523809523805,-0.8809523809523814
P13,gamma,same_hand_key_travel,semitones,4.9523809523809526,4.75,-0.20238095238095255
P14,gamma,same_hand_key_travel,semitones,5.341269841269842,4.3540564373897706,-0.9872134038800713
P15,gamma,same_hand_key_travel,semitones,5.065255731922399,4.2861552028218695,-0.7791005291005293
P16,gamma,same_hand_key_travel,semitones,5.348765432098766,4.4828042328042335,-0.8659611992945324
