participant,finger,hand,finger_id,finger_name,n,share_pct,reference_n,reference_share_pct
P01,L1,L,1,thumb,0,0.0,18,6.666666666666667
P01,L2,L,2,index,10,3.7037037037037037,47,17.40740740740741
P01,L3,L,3,middle,39,14.444444444444445,30,11.11111111111111
P01,L4,L,4,ring,7,2.5925925925925926,27,10.0
P01,L5,L,5,little,0,0.0,17,6.296296296296297
P01,R1,R,1,thumb,0,0.0,28,10.37037037037037
P01,R2,R,2,index,168,62.22222222222222,30,11.11111111111111
P01,R3,R,3,middle,31,11.481481481481481,24,8.88888888888889
P01,R4,R,4,ring,15,5.555555555555555,28,10.37037037037037
P01,R5,R,5,little,0,0.0,21,7.777777777777778
P02,L1,L,1,thumb,1,0.37174721189591076,23,8.550185873605948
P02,L2,L,2,index,47,17.472118959107807,23,8.550185873605948
P02,L3,L,3,middle,5,1.858736059479554,30,11.152416356877323
P02,L4,L,4,ring,3,1.1152416356877324,35,13.011152416356877
P02,L5,L,5,little,1,0.37174721189591076,25,9.293680297397769
P02,R1,R,1,thumb,8,2.973977695167286,24,8.921933085501859
P02,R2,R,2,index,194,72.11895910780669,28,10.408921933085502
P02,R3,R,3,middle,7,2.6022304832713754,29,10.780669144981413
P02,R4,R,4,ring,1,0.37174721189591076,27,10.037174721189592
P02,R5,R,5,little,2,0.7434944237918215,25,9.293680297397769
P03,L1,L,1,thumb,0,0.0,23,8.582089552238806
P03,L2,L,2,index,59,22.01492537313433,35,13.059701492537313
P03,L3,L,3,middle,32,11.940298507462687,25,9.328358208955224
P03,L4,L,4,ring,16,5.970149253731344,29,10.82089552238806
P03,L5,L,5,little,5,1.8656716417910448,21,7.835820895522388
P03,R1,R,1,thumb,0,0.0,26,9.701492537313433
P03,R2,R,2,index,115,42.91044776119403,31,11.567164179104477
P03,R3,R,3,middle,26,9.701492537313433,36,13.432835820895523
P03,R4,R,4,ring,12,4.477611940298507,22,8.208955223880597
P03,R5,R,5,little,3,1.1194029850746268,20,7.462686567164179
P04,L1,L,1,thumb,0,0.0,19,7.037037037037037
P04,L2,L,2,index,39,14.444444444444445,43,15.925925925925926
P04,L3,L,3,middle,19,7.037037037037037,28,10.37037037037037
P04,L4,L,4,ring,7,2.5925925925925926,26,9.62962962962963
P04,L5,L,5,little,1,0.37037037037037035,17,6.296296296296297
P04,R1,R,1,thumb,0,0.0,29,10.74074074074074
P04,R2,R,2,index,112,41.48148148148148,35,12.962962962962964
P04,R3,R,3,middle,54,20.0,24,8.88888888888889
P04,R4,R,4,ring,35,12.962962962962964,30,11.11111111111111
P04,R5,R,5,little,3,1.1111111111111112,19,7.037037037037037
P05,L1,L,1,thumb,0,0.0,18,6.666666666666667
P05,L2,L,2,index,38,14.074074074074074,40,14.814814814814815
P05,L3,L,3,middle,24,8.88888888888889,30,11.11111111111111
P05,L4,L,4,ring,5,1.8518518518518519,23,8.518518518518519
P05,L5,L,5,little,2,0.7407407407407407,20,7.407407407407407
P05,R1,R,1,thumb,1,0.37037037037037035,19,7.037037037037037
P05,R2,R,2,index,131,48.51851851851852,33,12.222222222222221
P05,R3,R,3,middle,62,22.962962962962962,28,10.37037037037037
P05,R4,R,4,ring,7,2.5925925925925926,36,13.333333333333334
P05,R5,R,5,little,0,0.0,23,8.518518518518519
P06,L1,L,1,thumb,0,0.0,24,8.88888888888889
P06,L2,L,2,index,17,6.296296296296297,37,13.703703703703704
P06,L3,L,3,middle,47,17.40740740740741,29,10.74074074074074
P06,L4,L,4,ring,6,2.2222222222222223,29,10.74074074074074
P06,L5,L,5,little,0,0.0,20,7.407407407407407
P06,R1,R,1,thumb,5,1.8518518518518519,20,7.407407407407407
P06,R2,R,2,index,178,65.92592592592592,31,11.481481481481481
P06,R3,R,3,middle,14,5.185185185185185,28,10.37037037037037
P06,R4,R,4,ring,2,0.7407407407407407,29,10.74074074074074
P06,R5,R,5,little,1,0.37037037037037035,23,8.518518518518519
P07,L1,L,1,thumb,2,0.7407407407407407,23,8.518518518518519
P07,L2,L,2,index,63,23.333333333333332,32,11.851851851851851
P07,L3,L,3,middle,43,15.925925925925926,29,10.74074074074074
P07,L4,L,4,ring,23,8.518518518518519,27,10.0
P07,L5,L,5,little,5,1.8518518518518519,26,9.62962962962963
P07,R1,R,1,thumb,3,1.1111111111111112,30,11.11111111111111
P07,R2,R,2,index,54,20.0,26,9.62962962962963
P07,R3,R,3,middle,46,17.037037037037038,30,11.11111111111111
P07,R4,R,4,ring,22,8.148148148148149,25,9.25925925925926
P07,R5,R,5,little,9,3.3333333333333335,22,8.148148148148149
P08,L1,L,1,thumb,14,5.185185185185185,22,8.148148148148149
P08,L2,L,2,index,87,32.22222222222222,32,11.851851851851851
P08,L3,L,3,middle,25,9.25925925925926,35,12.962962962962964
P08,L4,L,4,ring,4,1.4814814814814814,28,10.37037037037037
P08,L5,L,5,little,2,0.7407407407407407,24,8.88888888888889
P08,R1,R,1,thumb,7,2.5925925925925926,18,6.666666666666667
P08,R2,R,2,index,113,41.851851851851855,32,11.851851851851851
P08,R3,R,3,middle,8,2.962962962962963,32,11.851851851851851
P08,R4,R,4,ring,8,2.962962962962963,30,11.11111111111111
P08,R5,R,5,little,2,0.7407407407407407,17,6.296296296296297
P09,L1,L,1,thumb,0,0.0,20,7.407407407407407
P09,L2,L,2,index,35,12.962962962962964,42,15.555555555555555
P09,L3,L,3,middle,56,20.74074074074074,30,11.11111111111111
P09,L4,L,4,ring,21,7.777777777777778,28,10.37037037037037
P09,L5,L,5,little,3,1.1111111111111112,19,7.037037037037037
P09,R1,R,1,thumb,1,0.37037037037037035,17,6.296296296296297
P09,R2,R,2,index,153,56.666666666666664,34,12.592592592592593
P09,R3,R,3,middle,1,0.37037037037037035,24,8.88888888888889
P09,R4,R,4,ring,0,0.0,35,12.962962962962964
P09,R5,R,5,little,0,0.0,21,7.777777777777778
P10,L1,L,1,thumb,1,0.37174721189591076,21,7.806691449814126
P10,L2,L,2,index,96,35.687732342007436,41,15.241635687732343
P10,L3,L,3,middle,27,10.037174721189592,33,12.267657992565056
P10,L4,L,4,ring,0,0.0,18,6.691449814126394
P10,L5,L,5,little,0,0.0,20,7.434944237918216
P10,R1,R,1,thumb,1,0.37174721189591076,23,8.550185873605948
P10,R2,R,2,index,125,46.468401486988846,38,14.12639405204461
P10,R3,R,3,middle,9,3.345724907063197,28,10.408921933085502
P10,R4,R,4,ring,10,3.717472118959108,27,10.037174721189592
P10,R5,R,5,little,0,0.0,20,7.434944237918216
P11,L1,L,1,thumb,0,0.0,26,9.62962962962963
P11,L2,L,2,index,76,28.14814814814815,40,14.814814814814815
P11,L3,L,3,middle,26,9.62962962962963,30,11.11111111111111
P11,L4,L,4,ring,6,2.2222222222222223,21,7.777777777777778
P11,L5,L,5,little,0,0.0,18,6.666666666666667
P11,R1,R,1,thumb,0,0.0,22,8.148148148148149
P11,R2,R,2,index,113,41.851851851851855,32,11.851851851851851
P11,R3,R,3,middle,33,12.222222222222221,27,10.0
P11,R4,R,4,ring,16,5.925925925925926,30,11.11111111111111
P11,R5,R,5,little,0,0.0,24,8.88888888888889
P12,L1,L,1,thumb,0,0.0,22,8.148148148148149
P12,L2,L,2,index,85,31.48148148148148,38,14.074074074074074
P12,L3,L,3,middle,18,6.666666666666667,24,8.88888888888889
P12,L4,L,4,ring,8,2.962962962962963,22,8.148148148148149
P12,L5,L,5,little,3,1.1111111111111112,23,8.518518518518519
P12,R1,R,1,thumb,2,0.7407407407407407,17,6.296296296296297
P12,R2,R,2,index,92,34.074074074074076,34,12.592592592592593
P12,R3,R,3,middle,41,15.185185185185185,28,10.37037037037037
P12,R4,R,4,ring,17,6.296296296296297,35,12.962962962962964
P12,R5,R,5,little,4,1.4814814814814814,27,10.0
P13,L1,L,1,thumb,1,0.37037037037037035,20,7.407407407407407
P13,L2,L,2,index,30,11.11111111111111,42,15.555555555555555
P13,L3,L,3,middle,34,12.592592592592593,32,11.851851851851851
P13,L4,L,4,ring,17,6.296296296296297,27,10.0
P13,L5,L,5,little,0,0.0,16,5.925925925925926
P13,R1,R,1,thumb,18,6.666666666666667,21,7.777777777777778
P13,R2,R,2,index,118,43.7037037037037,32,11.851851851851851
P13,R3,R,3,middle,36,13.333333333333334,22,8.148148148148149
P13,R4,R,4,ring,16,5.925925925925926,28,10.37037037037037
P13,R5,R,5,little,0,0.0,30,11.11111111111111
P14,L1,L,1,thumb,7,2.5925925925925926,27,10.0
P14,L2,L,2,index,33,12.222222222222221,37,13.703703703703704
P14,L3,L,3,middle,32,11.851851851851851,31,11.481481481481481
P14,L4,L,4,ring,14,5.185185185185185,16,5.925925925925926
P14,L5,L,5,little,4,1.4814814814814814,20,7.407407407407407
P14,R1,R,1,thumb,53,19.62962962962963,22,8.148148148148149
P14,R2,R,2,index,105,38.888888888888886,32,11.851851851851851
P14,R3,R,3,middle,17,6.296296296296297,28,10.37037037037037
P14,R4,R,4,ring,5,1.8518518518518519,33,12.222222222222221
P14,R5,R,5,little,0,0.0,24,8.88888888888889
P15,L1,L,1,thumb,2,0.7407407407407407,19,7.037037037037037
P15,L2,L,2,index,75,27.77777777777778,43,15.925925925925926
P15,L3,L,3,middle,24,8.88888888888889,29,10.74074074074074
P15,L4,L,4,ring,6,2.2222222222222223,29,10.74074074074074
P15,L5,L,5,little,2,0.7407407407407407,17,6.296296296296297
P15,R1,R,1,thumb,9,3.3333333333333335,27,10.0
P15,R2,R,2,index,110,40.74074074074074,33,12.222222222222221
P15,R3,R,3,middle,37,13.703703703703704,26,9.62962962962963
P15,R4,R,4,ring,5,1.8518518518518519,24,8.88888888888889
P15,R5,R,5,little,0,0.0,23,8.518518518518519
P16,L1,L,1,thumb,1,0.37037037037037035,23,8.518518518518519
P16,L2,L,2,index,42,15.555555555555555,36,13.333333333333334
P16,L3,L,3,middle,19,7.037037037037037,33,12.222222222222221
P16,L4,L,4,ring,7,2.5925925925925926,19,7.037037037037037
P16,L5,L,5,little,4,1.4814814814814814,20,7.407407407407407
P16,R1,R,1,thumb,2,0.7407407407407407,21,7.777777777777778
P16,R2,R,2,index,58,21.48148148148148,35,12.962962962962964
P16,R3,R,3,middle,79,29.25925925925926,30,11.11111111111111
P16,R4,R,4,ring,43,15.925925925925926,28,10.37037037037037
P16,R5,R,5,little,15,5.555555555555555,25,9.25925925925926
P17,L1,L,1,thumb,0,0.0,20,7.407407407407407
P17,L2,L,2,index,56,20.74074074074074,27,10.0
P17,L3,L,3,middle,27,10.0,31,11.481481481481481
P17,L4,L,4,ring,9,3.3333333333333335,28,10.37037037037037
P17,L5,L,5,little,3,1.1111111111111112,31,11.481481481481481
P17,R1,R,1,thumb,33,12.222222222222221,24,8.88888888888889
P17,R2,R,2,index,67,24.814814814814813,31,11.481481481481481
P17,R3,R,3,middle,45,16.666666666666668,35,12.962962962962964
P17,R4,R,4,ring,19,7.037037037037037,22,8.148148148148149
P17,R5,R,5,little,11,4.074074074074074,21,7.777777777777778
P18,L1,L,1,thumb,0,0.0,17,6.296296296296297
P18,L2,L,2,index,44,16.296296296296298,36,13.333333333333334
P18,L3,L,3,middle,48,17.77777777777778,28,10.37037037037037
P18,L4,L,4,ring,27,10.0,30,11.11111111111111
P18,L5,L,5,little,2,0.7407407407407407,30,11.11111111111111
P18,R1,R,1,thumb,14,5.185185185185185,16,5.925925925925926
P18,R2,R,2,index,129,47.77777777777778,32,11.851851851851851
P18,R3,R,3,middle,4,1.4814814814814814,31,11.481481481481481
P18,R4,R,4,ring,1,0.37037037037037035,26,9.62962962962963
P18,R5,R,5,little,1,0.37037037037037035,24,8.88888888888889
