participant,trial_index,level,a_occurrence,level_occurrence,n_target_events,n_resolved_responses,selection_coverage_pct,dominant_finger,dominant_share_pct,unique_fingers,effective_fingers,finger_switch_rate_pct,median_correct_key_rt_ms,key_accuracy_pct,n_effort_events,actual_key_travel_semitones,reference_key_travel_semitones,actual_finger_transition_steps,reference_finger_transition_steps,actual_hand_switch_pct,reference_hand_switch_pct
P01,6,gamma,1,1,30,30,100.0,R2,40.0,5,4.32852531669596,86.20689655172413,476.1890172958374,100.0,30,4.5,5.464285714285714,0.8571428571428571,2.1785714285714284,51.724137931034484,58.620689655172406
P01,10,gamma,2,2,30,30,100.0,R2,56.666666666666664,3,2.3875595639198672,58.620689655172406,456.3405513763428,100.0,30,4.821428571428571,4.714285714285714,0.14285714285714285,2.0,51.724137931034484,58.620689655172406
P01,17,gamma,3,3,30,30,100.0,R2,36.666666666666664,5,4.226320970174814,75.86206896551724,464.9090766906738,100.0,30,4.071428571428571,5.428571428571429,0.7857142857142857,2.0,31.03448275862069,58.620689655172406
P01,18,beta,4,1,30,30,100.0,R2,46.666666666666664,5,3.5945573747132946,65.51724137931035,362.6459836959839,100.0,30,2.2142857142857144,2.2142857142857144,0.32142857142857145,1.5357142857142858,41.37931034482759,48.275862068965516
P01,19,beta,5,2,30,30,100.0,R2,53.333333333333336,6,3.7927162173270004,65.51724137931035,457.3565721511841,100.0,30,3.0714285714285716,3.142857142857143,0.5357142857142857,1.25,24.137931034482758,44.827586206896555
P01,21,beta,6,3,30,30,100.0,R2,93.33333333333333,3,1.3379516684674342,10.344827586206897,375.11754035949707,100.0,30,3.142857142857143,2.892857142857143,0.03571428571428571,1.2142857142857142,6.896551724137931,48.275862068965516
P01,23,alpha,7,1,30,30,100.0,R2,66.66666666666667,4,2.5882025338466073,37.93103448275862,450.31750202178955,100.0,30,2.607142857142857,1.4285714285714286,0.17857142857142858,1.0,24.137931034482758,34.48275862068966
P01,24,alpha,8,2,30,30,100.0,R2,73.33333333333333,3,2.148466688484431,20.689655172413794,376.2814998626709,100.0,30,2.4482758620689653,1.3928571428571428,0.2413793103448276,1.0,0.0,34.48275862068966
P01,27,alpha,9,3,30,30,100.0,R2,93.33333333333333,2,1.2775319170740629,6.896551724137931,349.58767890930176,100.0,30,2.4827586206896552,1.1428571428571428,0.06896551724137931,1.0,0.0,34.48275862068966
P02,1,alpha,1,1,30,30,100.0,R2,76.66666666666667,3,1.8945220472981725,37.93103448275862,385.5210542678833,100.0,30,2.1785714285714284,1.4285714285714286,0.07142857142857142,1.0,31.03448275862069,34.48275862068966
P02,2,gamma,2,1,29,29,100.0,R2,65.51724137931035,5,2.633933054175471,42.857142857142854,445.7111358642578,93.10344827586206,27,6.923076923076923,5.08,0.46153846153846156,2.04,0.0,50.0
P02,4,gamma,3,2,30,30,100.0,R2,43.333333333333336,6,4.140233214289072,82.75862068965517,496.035099029541,96.66666666666667,29,4.037037037037037,5.222222222222222,0.5555555555555556,2.111111111111111,53.57142857142857,53.57142857142857
P02,11,gamma,4,3,30,30,100.0,R2,60.0,4,2.615871055544849,58.620689655172406,447.084903717041,96.66666666666667,29,4.074074074074074,4.333333333333333,0.2222222222222222,1.962962962962963,46.42857142857143,53.57142857142857
P02,17,alpha,5,2,30,30,100.0,R2,80.0,3,1.8049171046190822,34.48275862068966,380.4816007614136,93.33333333333333,28,2.423076923076923,1.8076923076923077,0.038461538461538464,0.9615384615384616,37.03703703703704,37.03703703703704
P02,20,beta,6,1,30,30,100.0,R2,66.66666666666667,3,2.2329307854033327,48.275862068965516,389.7531032562256,96.66666666666667,29,2.962962962962963,2.814814814814815,0.07407407407407407,1.1851851851851851,35.714285714285715,42.857142857142854
P02,22,alpha,7,3,30,30,100.0,R2,93.33333333333333,3,1.3379516684674342,6.896551724137931,419.2086458206177,100.0,30,2.7142857142857144,1.5357142857142858,0.07142857142857142,0.9642857142857143,3.4482758620689653,27.586206896551722
P02,23,beta,8,2,30,30,100.0,R2,93.33333333333333,3,1.3379516684674342,10.344827586206897,343.1739807128906,100.0,30,2.9642857142857144,2.4642857142857144,0.03571428571428571,1.2142857142857142,6.896551724137931,48.275862068965516
P02,27,beta,9,3,30,30,100.0,R2,70.0,2,1.8420227750373133,31.03448275862069,404.2060375213623,100.0,30,2.7857142857142856,3.142857142857143,0.0,1.25,31.03448275862069,44.827586206896555
P03,3,alpha,1,1,30,30,100.0,L2,33.333333333333336,4,3.7544789389913076,79.3103448275862,409.79981422424316,93.33333333333333,28,1.6923076923076923,1.3076923076923077,0.5,1.0769230769230769,40.74074074074074,37.03703703703704
P03,4,gamma,2,1,30,30,100.0,L3,30.0,7,6.214299378439944,82.75862068965517,479.26807403564453,96.66666666666667,29,4.037037037037037,5.074074074074074,1.1111111111111112,2.185185185185185,60.71428571428571,53.57142857142857
P03,7,beta,3,1,30,30,100.0,L2,50.0,5,3.531086014548756,75.86206896551724,417.2239303588867,100.0,30,2.5357142857142856,3.142857142857143,0.5357142857142857,1.25,31.03448275862069,44.827586206896555
P03,8,alpha,4,2,30,30,100.0,L2,43.333333333333336,4,3.345919348173264,51.724137931034484,427.5968074798584,96.66666666666667,29,1.6666666666666667,1.6666666666666667,0.25925925925925924,1.037037037037037,32.142857142857146,32.142857142857146
P03,14,gamma,5,2,30,30,100.0,R2,30.0,7,5.776583310617045,89.65517241379311,508.85796546936035,100.0,30,5.071428571428571,5.642857142857143,1.0714285714285714,2.1785714285714284,65.51724137931035,55.172413793103445
P03,17,alpha,6,3,30,30,100.0,R2,73.33333333333333,4,2.2704622650588293,31.03448275862069,377.4467706680298,100.0,30,2.142857142857143,1.2142857142857142,0.25,0.8571428571428571,13.793103448275861,31.03448275862069
P03,23,beta,7,2,30,29,96.66666666666667,R2,58.62068965517241,5,3.3861760582015354,57.14285714285714,400.6540775299072,96.66666666666667,29,2.2222222222222223,2.2222222222222223,0.3333333333333333,1.5555555555555556,35.714285714285715,50.0
P03,24,gamma,8,3,30,29,96.66666666666667,R2,41.37931034482759,4,3.7224332552387427,75.0,455.157995223999,93.33333333333333,28,4.0,4.6923076923076925,0.6923076923076923,2.0384615384615383,55.55555555555556,55.55555555555556
P03,27,beta,9,3,30,30,100.0,R2,90.0,3,1.4751126949379068,17.24137931034483,390.9294605255127,100.0,30,3.142857142857143,2.9642857142857144,0.03571428571428571,1.2857142857142858,17.24137931034483,44.827586206896555
P04,3,beta,1,1,30,30,100.0,R2,30.0,6,4.647815432467318,79.3103448275862,441.3185119628906,100.0,30,2.7142857142857144,2.2142857142857144,0.9285714285714286,1.5357142857142858,13.793103448275861,48.275862068965516
P04,8,alpha,2,1,30,30,100.0,R4,36.666666666666664,5,3.6998193617901745,51.724137931034484,425.78184604644775,100.0,30,2.2857142857142856,1.2142857142857142,0.6428571428571429,0.8571428571428571,6.896551724137931,31.03448275862069
P04,11,beta,3,2,30,30,100.0,R2,40.0,5,4.215491051221195,86.20689655172413,440.3499364852905,100.0,30,2.7857142857142856,3.142857142857143,0.9642857142857143,1.25,31.03448275862069,44.827586206896555
P04,14,alpha,4,2,30,30,100.0,R2,46.666666666666664,4,3.371426941688174,55.172413793103445,416.7369604110718,100.0,30,2.142857142857143,1.5357142857142858,0.4642857142857143,1.0,13.793103448275861,34.48275862068966
P04,20,gamma,5,1,30,30,100.0,L2,23.333333333333332,7,5.914275426554758,79.3103448275862,463.3290767669678,96.66666666666667,29,3.5555555555555554,5.2592592592592595,0.7777777777777778,2.0,46.42857142857143,60.71428571428571
P04,21,gamma,6,2,30,30,100.0,R2,40.0,5,4.365135779119507,82.75862068965517,407.0395231246948,100.0,30,4.5,5.464285714285714,0.8571428571428571,2.1785714285714284,51.724137931034484,58.620689655172406
P04,25,gamma,7,3,30,30,100.0,L2,30.0,7,5.927937676955473,82.75862068965517,484.1887950897217,100.0,30,3.607142857142857,5.035714285714286,0.7857142857142857,2.25,65.51724137931035,51.724137931034484
P04,26,alpha,8,3,30,30,100.0,R2,76.66666666666667,3,1.8945220472981725,41.37931034482759,388.2664442062378,93.33333333333333,28,2.3461538461538463,1.3461538461538463,0.38461538461538464,1.0,7.4074074074074066,37.03703703703704
P04,27,beta,9,3,30,30,100.0,R2,66.66666666666667,3,2.381101577952299,55.172413793103445,353.1935214996338,100.0,30,2.0,2.25,0.25,1.25,34.48275862068966,41.37931034482759
P05,1,gamma,1,1,30,30,100.0,R2,30.0,8,6.228654698077587,86.20689655172413,627.5238990783691,96.66666666666667,29,3.925925925925926,5.2592592592592595,1.0740740740740742,1.9259259259259258,39.285714285714285,60.71428571428571
P05,4,alpha,2,1,30,30,100.0,R2,90.0,3,1.4751126949379068,20.689655172413794,470.4902172088623,96.66666666666667,29,2.4074074074074074,1.2962962962962963,0.14814814814814814,0.9629629629629629,7.142857142857142,35.714285714285715
P05,12,beta,3,1,30,30,100.0,R2,43.333333333333336,6,4.458281314465521,79.3103448275862,531.6109657287598,100.0,30,2.7142857142857144,2.9285714285714284,0.5714285714285714,1.2857142857142858,48.275862068965516,41.37931034482759
P05,13,gamma,4,2,30,30,100.0,R2,50.0,6,3.782815196523953,79.3103448275862,559.7858428955078,100.0,30,4.0,4.821428571428571,0.6428571428571429,1.9642857142857142,51.724137931034484,51.724137931034484
P05,15,beta,5,2,30,30,100.0,R3,66.66666666666667,3,2.1061784820353426,48.275862068965516,463.4864330291748,100.0,30,3.25,2.9642857142857144,0.42857142857142855,1.2857142857142858,6.896551724137931,44.827586206896555
P05,17,beta,6,3,30,30,100.0,R3,66.66666666666667,2,1.8898815748423097,48.275862068965516,422.16598987579346,100.0,30,2.689655172413793,2.25,0.4827586206896552,1.25,0.0,41.37931034482759
P05,20,gamma,7,3,30,30,100.0,L2,40.0,5,3.515567703101988,79.3103448275862,500.4478693008423,100.0,30,4.821428571428571,4.714285714285714,0.5714285714285714,2.0,51.724137931034484,58.620689655172406
P05,22,alpha,8,2,30,30,100.0,R2,66.66666666666667,3,2.365173523311059,51.724137931034484,426.08642578125,100.0,30,2.0,1.6071428571428572,0.21428571428571427,1.0,37.93103448275862,31.03448275862069
P05,23,alpha,9,3,30,30,100.0,R2,53.333333333333336,4,3.1708136627872867,65.51724137931035,529.5199155807495,100.0,30,1.75,1.1428571428571428,0.39285714285714285,1.0,37.93103448275862,34.48275862068966
P06,1,alpha,1,1,30,30,100.0,R2,83.33333333333333,3,1.7056761700443712,31.03448275862069,406.8394899368286,100.0,30,2.0,1.6071428571428572,0.03571428571428571,1.0,27.586206896551722,31.03448275862069
P06,5,alpha,2,2,30,30,100.0,R2,100.0,1,1.0,0.0,355.4069995880127,100.0,30,2.6206896551724137,1.5357142857142858,0.0,1.0,0.0,34.48275862068966
P06,7,gamma,3,1,30,30,100.0,R2,33.333333333333336,7,5.817637134874351,68.96551724137932,514.0730142593384,100.0,30,3.7142857142857144,5.428571428571429,0.5714285714285714,2.0,44.827586206896555,58.620689655172406
P06,8,beta,4,1,30,30,100.0,R2,63.333333333333336,4,2.778644151492593,41.37931034482759,370.74804306030273,96.66666666666667,29,2.8518518518518516,2.2962962962962963,0.2222222222222222,1.4814814814814814,25.0,46.42857142857143
P06,13,gamma,5,2,30,30,100.0,R2,76.66666666666667,5,2.3192583129670465,31.03448275862069,502.8550624847412,100.0,30,7.586206896551724,5.035714285714286,0.41379310344827586,2.25,0.0,51.724137931034484
P06,14,beta,6,2,30,30,100.0,R2,53.333333333333336,5,3.6130968149962355,62.06896551724138,361.2004518508911,100.0,30,2.5,2.2142857142857144,0.35714285714285715,1.5357142857142858,34.48275862068966,48.275862068965516
P06,19,gamma,7,3,30,30,100.0,R2,63.333333333333336,4,2.404203479123207,62.06896551724138,420.2171564102173,100.0,30,4.357142857142857,5.642857142857143,0.14285714285714285,2.1785714285714284,51.724137931034484,55.172413793103445
P06,26,beta,8,3,30,30,100.0,R2,66.66666666666667,4,2.5882025338466073,48.275862068965516,344.2591428756714,100.0,30,2.5,2.4642857142857144,0.10714285714285714,1.2142857142857142,41.37931034482759,48.275862068965516
P06,27,alpha,9,3,30,30,100.0,R2,53.333333333333336,3,2.2501690383898287,44.827586206896555,396.23844623565674,100.0,30,1.6071428571428572,1.8214285714285714,0.03571428571428571,0.9642857142857143,41.37931034482759,34.48275862068966
P07,4,beta,1,1,30,30,100.0,L2,36.666666666666664,6,4.800090160928372,89.65517241379311,449.862003326416,96.66666666666667,29,2.074074074074074,2.4444444444444446,0.7407407407407407,1.4814814814814814,25.0,46.42857142857143
P07,9,beta,2,2,30,30,100.0,L2,40.0,6,4.255257475247274,86.20689655172413,442.7473545074463,100.0,30,2.357142857142857,2.4642857142857144,0.6785714285714286,1.2142857142857142,34.48275862068966,48.275862068965516
P07,15,alpha,3,1,30,30,100.0,R3,23.333333333333332,8,7.158663079454366,86.20689655172413,414.2279624938965,100.0,30,2.5714285714285716,1.4285714285714286,1.0714285714285714,1.0,17.24137931034483,34.48275862068966
P07,16,alpha,4,2,30,30,100.0,L2,23.333333333333332,7,6.585846251059996,89.65517241379311,438.2667541503906,100.0,30,1.8214285714285714,1.4642857142857142,0.7142857142857143,0.9285714285714286,31.03448275862069,31.03448275862069
P07,18,gamma,5,1,30,30,100.0,L2,30.0,7,6.214299378439944,86.20689655172413,449.43344593048096,100.0,30,3.75,4.892857142857143,1.0714285714285714,2.142857142857143,68.96551724137932,55.172413793103445
P07,20,alpha,6,3,30,30,100.0,R2,33.333333333333336,5,4.345038113703836,96.55172413793103,373.09813499450684,100.0,30,1.7142857142857142,1.3928571428571428,0.8214285714285714,1.0,44.827586206896555,34.48275862068966
P07,21,beta,7,3,30,30,100.0,L3,23.333333333333332,7,5.894942670152389,93.10344827586206,401.26001834869385,100.0,30,1.9642857142857142,2.2142857142857144,0.9285714285714286,1.5357142857142858,41.37931034482759,48.275862068965516
P07,23,gamma,8,2,30,30,100.0,L4,23.333333333333332,7,6.225956003724825,93.10344827586206,475.1019477844238,96.66666666666667,29,4.592592592592593,5.37037037037037,1.4074074074074074,2.185185185185185,60.71428571428571,53.57142857142857
P07,26,gamma,9,3,30,30,100.0,R2,26.666666666666668,8,6.723700194552597,96.55172413793103,416.2389039993286,100.0,30,4.321428571428571,4.821428571428571,1.3214285714285714,1.9642857142857142,58.620689655172406,51.724137931034484
P08,2,gamma,1,1,30,30,100.0,L2,30.0,8,6.264541534335933,93.10344827586206,951.8606662750244,100.0,30,4.607142857142857,5.464285714285714,1.3928571428571428,2.2142857142857144,65.51724137931035,55.172413793103445
P08,6,beta,2,1,30,30,100.0,R2,53.333333333333336,6,4.04197671929254,82.75862068965517,501.33609771728516,96.66666666666667,29,2.740740740740741,3.0,0.48148148148148145,1.1851851851851851,42.857142857142854,50.0
P08,7,beta,3,2,30,30,100.0,R2,50.0,5,3.6635261136339023,75.86206896551724,566.8187141418457,100.0,30,2.9285714285714284,2.9642857142857144,0.42857142857142855,1.2857142857142858,44.827586206896555,44.827586206896555
P08,11,alpha,4,1,30,30,100.0,R2,46.666666666666664,6,3.705022405515465,65.51724137931035,482.9519987106323,100.0,30,1.5714285714285714,1.5357142857142858,0.32142857142857145,1.0,48.275862068965516,34.48275862068966
P08,12,gamma,5,2,30,30,100.0,R2,40.0,6,4.7877899622970395,79.3103448275862,549.2465496063232,100.0,30,4.214285714285714,4.821428571428571,0.6785714285714286,1.9642857142857142,51.724137931034484,51.724137931034484
P08,14,alpha,6,2,30,30,100.0,R2,63.333333333333336,4,2.404203479123207,48.275862068965516,454.27405834198,100.0,30,1.8214285714285714,1.1428571428571428,0.10714285714285714,1.0,37.93103448275862,34.48275862068966
P08,16,gamma,7,3,30,30,100.0,L3,33.333333333333336,4,3.557736253983861,72.41379310344827,501.49548053741455,100.0,30,3.892857142857143,5.035714285714286,0.6071428571428571,2.25,51.724137931034484,51.724137931034484
P08,21,beta,8,3,30,30,100.0,L2,56.666666666666664,4,2.9417540889682003,37.93103448275862,444.11003589630127,100.0,30,2.8214285714285716,2.2142857142857144,0.2857142857142857,1.5357142857142858,13.793103448275861,48.275862068965516
P08,26,alpha,9,3,30,30,100.0,L2,50.0,2,2.0,44.827586206896555,427.7130365371704,100.0,30,2.0,1.4285714285714286,0.0,1.0,44.827586206896555,34.48275862068966
P09,5,gamma,1,1,30,30,100.0,R2,63.333333333333336,5,2.6694388552262014,48.275862068965516,467.5581455230713,100.0,30,4.714285714285714,4.892857142857143,0.10714285714285714,2.142857142857143,41.37931034482759,55.172413793103445
P09,10,gamma,2,2,30,30,100.0,R2,53.333333333333336,2,1.9955571994469739,58.620689655172406,403.3658504486084,96.66666666666667,29,3.6666666666666665,5.074074074074074,0.0,2.185185185185185,60.71428571428571,53.57142857142857
P09,12,gamma,3,3,30,30,100.0,L3,50.0,2,2.0,37.93103448275862,391.4980888366699,100.0,30,4.142857142857143,5.428571428571429,0.0,2.0,37.93103448275862,58.620689655172406
P09,14,beta,4,1,30,30,100.0,R2,63.333333333333336,5,2.6694388552262014,58.620689655172406,370.3244924545288,100.0,30,2.5714285714285716,2.892857142857143,0.14285714285714285,1.2142857142857142,48.275862068965516,48.275862068965516
P09,18,beta,5,2,30,30,100.0,R2,76.66666666666667,3,2.0190316307826808,31.03448275862069,402.2890329360962,100.0,30,2.7142857142857144,2.4642857142857144,0.03571428571428571,1.2142857142857142,27.586206896551722,48.275862068965516
P09,19,alpha,6,1,30,30,100.0,R2,80.0,2,1.6493848884661177,34.48275862068966,347.10025787353516,100.0,30,1.9285714285714286,1.2142857142857142,0.0,0.8571428571428571,34.48275862068966,31.03448275862069
P09,21,beta,7,3,30,30,100.0,R2,56.666666666666664,5,2.975263584164722,62.06896551724138,334.07390117645264,100.0,30,2.357142857142857,2.25,0.21428571428571427,1.25,48.275862068965516,41.37931034482759
P09,23,alpha,8,2,30,30,100.0,L3,53.333333333333336,5,3.2645646123604655,41.37931034482759,391.8529748916626,100.0,30,2.7142857142857144,1.5357142857142858,0.5,0.9642857142857143,3.4482758620689653,27.586206896551722
P09,27,alpha,9,3,30,30,100.0,R2,63.333333333333336,2,1.9293010006713525,34.48275862068966,324.63741302490234,100.0,30,1.7142857142857142,1.5357142857142858,0.0,1.0,34.48275862068966,34.48275862068966
P10,4,gamma,1,1,30,30,100.0,L3,33.333333333333336,7,5.09561188656628,75.86206896551724,483.33513736724854,100.0,30,4.75,5.107142857142857,1.0,1.9285714285714286,41.37931034482759,55.172413793103445
P10,6,beta,2,1,30,30,100.0,L2,66.66666666666667,3,2.365173523311059,27.586206896551722,417.9048538208008,96.66666666666667,29,2.925925925925926,2.1481481481481484,0.14814814814814814,1.5185185185185186,14.285714285714285,50.0
P10,18,alpha,3,1,30,30,100.0,R2,50.0,3,2.2605591494796706,37.93103448275862,360.637903213501,100.0,30,1.6071428571428572,1.6071428571428572,0.07142857142857142,1.0,31.03448275862069,31.03448275862069
P10,19,beta,4,2,30,30,100.0,R2,53.333333333333336,4,2.8936984026091066,58.620689655172406,347.15402126312256,100.0,30,2.2857142857142856,2.25,0.2857142857142857,1.25,34.48275862068966,41.37931034482759
P10,22,gamma,5,2,30,30,100.0,R2,40.0,5,3.935218735956549,82.75862068965517,436.13409996032715,96.66666666666667,29,4.62962962962963,5.518518518518518,0.6666666666666666,2.2962962962962963,67.85714285714286,50.0
P10,23,beta,6,3,30,30,100.0,R2,60.0,4,2.458240776454302,62.06896551724138,364.8480176925659,100.0,30,2.5714285714285716,2.892857142857143,0.14285714285714285,1.2142857142857142,48.275862068965516,48.275862068965516
P10,24,gamma,7,3,30,29,96.66666666666667,R2,51.724137931034484,4,2.8833009528004303,67.85714285714286,456.7251205444336,96.66666666666667,29,4.37037037037037,5.37037037037037,0.25925925925925924,2.2222222222222223,60.71428571428571,60.71428571428571
P10,25,alpha,8,2,30,30,100.0,R2,70.0,3,2.0452375227779993,48.275862068965516,330.60240745544434,100.0,30,1.7142857142857142,1.3928571428571428,0.07142857142857142,1.0,44.827586206896555,34.48275862068966
P10,26,alpha,9,3,30,30,100.0,R2,46.666666666666664,5,2.881062758964273,55.172413793103445,337.52191066741943,100.0,30,1.8571428571428572,1.5357142857142858,0.21428571428571427,0.9642857142857143,41.37931034482759,27.586206896551722
P11,5,alpha,1,1,30,30,100.0,L2,40.0,4,3.6284662814129085,82.75862068965517,314.5310878753662,96.66666666666667,29,1.6296296296296295,1.4814814814814814,0.5555555555555556,0.9629629629629629,46.42857142857143,35.714285714285715
P11,12,beta,2,1,30,30,100.0,R2,46.666666666666664,5,3.7099926191843626,79.3103448275862,354.5609712600708,100.0,30,2.7142857142857144,2.9285714285714284,0.39285714285714285,1.2857142857142858,48.275862068965516,41.37931034482759
P11,13,gamma,3,1,30,30,100.0,L2,36.666666666666664,6,4.881940916312855,86.20689655172413,423.6454963684082,100.0,30,4.035714285714286,5.035714285714286,0.8214285714285714,2.25,58.620689655172406,51.724137931034484
P11,18,beta,4,2,30,30,100.0,R2,50.0,5,3.708841287195878,75.86206896551724,307.0976734161377,100.0,30,2.2142857142857144,2.25,0.6428571428571429,1.25,41.37931034482759,41.37931034482759
P11,19,gamma,5,2,30,30,100.0,R2,30.0,6,5.466198230691256,89.65517241379311,331.1588764190674,96.66666666666667,29,4.666666666666667,5.481481481481482,1.1481481481481481,2.259259259259259,67.85714285714286,57.14285714285714
P11,20,beta,6,3,30,30,100.0,R2,43.333333333333336,5,3.728859748440191,75.86206896551724,291.2064790725708,100.0,30,2.2142857142857144,2.2142857142857144,0.4642857142857143,1.5357142857142858,41.37931034482759,48.275862068965516
P11,22,alpha,7,2,30,30,100.0,R2,33.333333333333336,4,3.7066283794472814,86.20689655172413,305.25434017181396,100.0,30,2.107142857142857,1.1428571428571428,0.5714285714285714,1.0,44.827586206896555,34.48275862068966
P11,25,gamma,8,3,30,30,100.0,R2,50.0,5,3.2212925366566254,68.96551724137932,350.8949279785156,100.0,30,4.25,5.464285714285714,0.21428571428571427,2.1785714285714284,65.51724137931035,58.620689655172406
P11,26,alpha,9,3,30,30,100.0,R2,76.66666666666667,2,1.721632177609972,41.37931034482759,312.3490810394287,100.0,30,1.8571428571428572,1.2142857142857142,0.0,0.8571428571428571,41.37931034482759,31.03448275862069
P12,2,alpha,1,1,30,30,100.0,L2,46.666666666666664,4,3.1091145869022108,48.275862068965516,530.4934978485107,100.0,30,1.4642857142857142,1.4642857142857142,0.21428571428571427,0.9285714285714286,31.03448275862069,31.03448275862069
P12,8,gamma,2,1,30,30,100.0,L2,36.666666666666664,6,4.222637763992763,89.65517241379311,612.5540733337402,100.0,30,4.607142857142857,5.464285714285714,0.8571428571428571,2.2142857142857144,65.51724137931035,55.172413793103445
P12,11,gamma,3,2,30,30,100.0,L2,23.333333333333332,7,6.353925609152042,86.20689655172413,490.1920557022095,100.0,30,4.142857142857143,5.428571428571429,1.1785714285714286,2.0,37.93103448275862,58.620689655172406
P12,12,alpha,4,2,30,30,100.0,R2,36.666666666666664,5,4.1412018390689935,86.20689655172413,464.2065763473511,100.0,30,1.7857142857142858,1.3928571428571428,0.6071428571428571,1.0,44.827586206896555,34.48275862068966
P12,14,gamma,5,3,30,30,100.0,L2,33.333333333333336,8,5.900644663847771,86.20689655172413,503.8090944290161,100.0,30,5.142857142857143,5.642857142857143,1.1785714285714286,2.1785714285714284,58.620689655172406,55.172413793103445
P12,17,beta,6,1,30,30,100.0,R2,33.333333333333336,6,4.367741824776216,86.20689655172413,429.06200885772705,100.0,30,2.5,2.4642857142857144,0.6785714285714286,1.2142857142857142,41.37931034482759,48.275862068965516
P12,23,alpha,7,3,30,30,100.0,L2,33.333333333333336,4,3.544556677721428,82.75862068965517,395.28870582580566,96.66666666666667,29,1.9259259259259258,1.5555555555555556,0.5925925925925926,1.037037037037037,39.285714285714285,32.142857142857146
P12,24,beta,8,2,30,30,100.0,R2,46.666666666666664,4,3.0209452517039286,62.06896551724138,378.91459465026855,100.0,30,2.2142857142857144,2.25,0.32142857142857145,1.25,41.37931034482759,41.37931034482759
P12,25,beta,9,3,30,30,100.0,R2,36.666666666666664,8,5.889805273007505,96.55172413793103,436.0114336013794,100.0,30,2.7142857142857144,2.9285714285714284,0.9285714285714286,1.2857142857142858,48.275862068965516,41.37931034482759
P13,9,beta,1,1,30,30,100.0,R2,36.666666666666664,6,5.178831863021863,93.10344827586206,508.0488920211792,100.0,30,3.0,3.0714285714285716,0.9642857142857143,1.4285714285714286,44.827586206896555,44.827586206896555
P13,10,alpha,2,1,30,30,100.0,R2,40.0,6,4.70500725220052,86.20689655172413,438.8012886047363,100.0,30,2.857142857142857,1.5357142857142858,0.9642857142857143,0.9642857142857143,27.586206896551722,27.586206896551722
P13,11,beta,3,2,30,30,100.0,R2,73.33333333333333,5,2.467940150827993,48.275862068965516,372.5898265838623,96.66666666666667,29,2.888888888888889,2.3333333333333335,0.6296296296296297,1.1481481481481481,7.142857142857142,42.857142857142854
P13,12,gamma,4,1,30,30,100.0,R2,50.0,5,3.571308584574835,62.06896551724138,443.5689449310303,100.0,30,4.892857142857143,4.714285714285714,0.39285714285714285,2.0,51.724137931034484,58.620689655172406
P13,13,gamma,5,2,30,30,100.0,R2,43.333333333333336,5,4.299675460725576,79.3103448275862,496.60539627075195,100.0,30,5.535714285714286,5.107142857142857,0.6785714285714286,1.9285714285714286,41.37931034482759,55.172413793103445
P13,20,beta,6,3,30,30,100.0,R2,33.333333333333336,8,6.199977143828183,75.86206896551724,452.9461860656738,100.0,30,2.642857142857143,2.4642857142857144,0.7857142857142857,1.2142857142857142,27.586206896551722,48.275862068965516
P13,22,alpha,7,2,30,30,100.0,R2,40.0,7,5.3489321844823845,79.3103448275862,365.54133892059326,100.0,30,2.142857142857143,1.3928571428571428,0.8571428571428571,1.0,31.03448275862069,34.48275862068966
P13,25,alpha,8,3,30,30,100.0,R2,43.333333333333336,6,4.053184601041353,72.41379310344827,352.6090383529663,100.0,30,1.7857142857142858,1.4285714285714286,0.6428571428571429,1.0,37.93103448275862,34.48275862068966
P13,27,gamma,9,3,30,30,100.0,L2,36.666666666666664,7,4.58775909587841,72.41379310344827,434.89372730255127,100.0,30,3.8214285714285716,5.035714285714286,0.6071428571428571,2.25,58.620689655172406,51.724137931034484
P14,5,beta,1,1,30,30,100.0,R2,33.333333333333336,8,5.458875258396756,82.75862068965517,515.8073902130127,100.0,30,2.7142857142857144,2.9285714285714284,0.7857142857142857,1.2857142857142858,48.275862068965516,41.37931034482759
P14,7,gamma,2,1,30,30,100.0,R2,36.666666666666664,6,4.478276433826229,86.20689655172413,610.1274490356445,100.0,30,3.6785714285714284,4.892857142857143,0.5714285714285714,2.142857142857143,62.06896551724138,55.172413793103445
P14,12,alpha,3,1,30,30,100.0,R2,56.666666666666664,6,3.90547692182024,79.3103448275862,505.28252124786377,100.0,30,1.9285714285714286,1.2142857142857142,0.7142857142857143,0.8571428571428571,27.586206896551722,31.03448275862069
P14,13,beta,4,2,30,30,100.0,R2,73.33333333333333,4,2.1729398538137965,37.93103448275862,478.53195667266846,100.0,30,2.642857142857143,2.4642857142857144,0.14285714285714285,1.2142857142857142,27.586206896551722,48.275862068965516
P14,19,beta,5,3,30,30,100.0,R1,50.0,6,4.031424995069062,68.96551724137932,434.04698371887207,100.0,30,2.7142857142857144,2.892857142857143,0.42857142857142855,1.2142857142857142,48.275862068965516,48.275862068965516
P14,22,alpha,6,2,30,30,100.0,R2,46.666666666666664,6,4.082557763363656,68.96551724137932,531.5628051757812,100.0,30,1.8571428571428572,1.3928571428571428,0.6428571428571429,1.0,37.93103448275862,34.48275862068966
P14,23,gamma,7,2,30,30,100.0,R2,30.0,6,5.21935348588552,86.20689655172413,578.2710313796997,100.0,30,4.642857142857143,5.464285714285714,0.8214285714285714,2.1785714285714284,58.620689655172406,58.620689655172406
P14,25,alpha,8,3,30,30,100.0,R1,50.0,5,3.2212925366566254,62.06896551724138,469.2549705505371,100.0,30,2.3214285714285716,1.1428571428571428,0.6428571428571429,1.0,10.344827586206897,34.48275862068966
P14,26,gamma,9,3,30,30,100.0,R2,40.0,7,4.831167415356806,86.20689655172413,641.3750648498535,96.66666666666667,29,4.7407407407407405,5.666666666666667,0.7777777777777778,2.074074074074074,60.71428571428571,50.0
P15,1,gamma,1,1,30,30,100.0,R2,30.0,8,6.156225227687483,79.3103448275862,505.8025121688843,100.0,30,4.821428571428571,4.714285714285714,1.0,2.0,51.724137931034484,58.620689655172406
P15,2,alpha,2,1,30,30,100.0,R2,53.333333333333336,5,3.4892333392398336,58.620689655172406,460.6776237487793,100.0,30,1.7857142857142858,1.3928571428571428,0.35714285714285715,1.0,44.827586206896555,34.48275862068966
P15,3,gamma,3,2,30,30,100.0,L2,26.666666666666668,6,5.049860074133178,79.3103448275862,469.2533016204834,96.66666666666667,29,3.814814814814815,4.851851851851852,0.7407407407407407,2.185185185185185,53.57142857142857,46.42857142857143
P15,5,beta,4,1,30,30,100.0,R3,26.666666666666668,6,5.268589748361179,65.51724137931035,399.68252182006836,100.0,30,2.5714285714285716,2.357142857142857,0.5714285714285714,1.4285714285714286,31.03448275862069,44.827586206896555
P15,13,beta,5,2,30,30,100.0,R2,46.666666666666664,5,3.3779522477205104,79.3103448275862,424.4039058685303,96.66666666666667,29,2.962962962962963,3.074074074074074,0.4074074074074074,1.2592592592592593,46.42857142857143,46.42857142857143
P15,14,beta,6,3,30,30,100.0,R2,63.333333333333336,3,2.391706325367555,48.275862068965516,383.6444616317749,100.0,30,2.4285714285714284,2.2142857142857144,0.07142857142857142,1.5357142857142858,41.37931034482759,48.275862068965516
P15,17,alpha,7,2,30,30,100.0,R2,43.333333333333336,3,2.7941194570615133,62.06896551724138,456.1638832092285,100.0,30,1.5714285714285714,1.4285714285714286,0.25,1.0,44.827586206896555,34.48275862068966
P15,21,alpha,8,3,30,30,100.0,R2,50.0,4,3.1090047000059062,72.41379310344827,382.9454183578491,100.0,30,1.6071428571428572,1.2142857142857142,0.35714285714285715,0.8571428571428571,48.275862068965516,31.03448275862069
P15,27,gamma,9,3,30,30,100.0,R2,40.0,5,3.9502311162510106,75.86206896551724,409.8539352416992,96.66666666666667,29,4.222222222222222,5.62962962962963,0.5925925925925926,2.074074074074074,39.285714285714285,60.71428571428571
P16,2,beta,1,1,30,30,100.0,R2,50.0,5,3.6341443226247168,51.724137931034484,427.51479148864746,96.66666666666667,29,2.962962962962963,2.962962962962963,0.3333333333333333,1.4074074074074074,21.428571428571427,46.42857142857143
P16,4,gamma,2,1,30,30,100.0,R3,26.666666666666668,10,7.859395287828804,89.65517241379311,475.0779867172241,100.0,30,4.285714285714286,5.642857142857143,1.3571428571428572,2.1785714285714284,37.93103448275862,55.172413793103445
P16,6,alpha,3,1,30,30,100.0,R3,26.666666666666668,5,4.761141038002198,82.75862068965517,457.48281478881836,100.0,30,1.9285714285714286,1.2142857142857142,0.7857142857142857,0.8571428571428571,27.586206896551722,31.03448275862069
P16,8,gamma,4,2,30,30,100.0,R2,26.666666666666668,7,5.8007659601219865,93.10344827586206,530.9150218963623,96.66666666666667,29,4.555555555555555,5.296296296296297,1.3703703703703705,2.2962962962962963,67.85714285714286,50.0
P16,9,beta,5,2,30,30,100.0,R2,36.666666666666664,5,4.174683153007154,75.86206896551724,404.79516983032227,96.66666666666667,29,2.0,2.2962962962962963,0.7037037037037037,1.2592592592592593,35.714285714285715,42.857142857142854
P16,10,alpha,6,2,30,30,100.0,R3,30.0,5,4.595468490926572,62.06896551724138,465.15774726867676,96.66666666666667,29,1.8518518518518519,1.5185185185185186,0.48148148148148145,0.9629629629629629,21.428571428571427,35.714285714285715
P16,22,alpha,7,3,30,30,100.0,R3,60.0,5,2.9044579198760685,62.06896551724138,427.356481552124,100.0,30,2.392857142857143,1.3928571428571428,0.5714285714285714,1.0,13.793103448275861,34.48275862068966
P16,23,gamma,8,3,30,30,100.0,R3,26.666666666666668,6,5.700468509608067,82.75862068965517,508.83162021636963,100.0,30,4.607142857142857,5.107142857142857,1.1428571428571428,1.9285714285714286,34.48275862068966,55.172413793103445
P16,27,beta,9,3,30,30,100.0,R3,40.0,6,4.369358038450045,68.96551724137932,385.08403301239014,100.0,30,2.5,2.357142857142857,0.5714285714285714,1.4285714285714286,31.03448275862069,44.827586206896555
P17,2,alpha,1,1,30,30,100.0,R2,30.0,6,5.192552252716376,82.75862068965517,420.35388946533203,100.0,30,1.9285714285714286,1.2142857142857142,0.9642857142857143,0.8571428571428571,27.586206896551722,31.03448275862069
P17,3,gamma,2,1,30,30,100.0,R2,20.0,9,7.82952659724511,86.20689655172413,438.31706047058105,100.0,30,4.535714285714286,5.107142857142857,1.4285714285714286,1.9285714285714286,27.586206896551722,55.172413793103445
P17,6,alpha,3,2,30,30,100.0,R2,26.666666666666668,7,6.252416257300722,96.55172413793103,354.1111946105957,96.66666666666667,29,1.9259259259259258,1.5185185185185186,0.9259259259259259,1.037037037037037,21.428571428571427,28.57142857142857
P17,8,gamma,4,2,30,30,100.0,L2,33.333333333333336,7,5.8927396710960585,89.65517241379311,397.4921703338623,96.66666666666667,29,3.8518518518518516,5.0,1.1851851851851851,2.037037037037037,53.57142857142857,53.57142857142857
P17,13,beta,5,1,30,30,100.0,L2,20.0,6,5.919996120220826,96.55172413793103,335.5889320373535,96.66666666666667,29,2.5185185185185186,2.4444444444444446,1.1481481481481481,1.4074074074074074,39.285714285714285,46.42857142857143
P17,16,alpha,6,3,30,30,100.0,L2,40.0,6,4.88800726190538,68.96551724137932,350.0593900680542,100.0,30,1.9642857142857142,1.4642857142857142,0.5714285714285714,0.9285714285714286,24.137931034482758,31.03448275862069
P17,17,beta,7,2,30,30,100.0,R2,40.0,6,4.763204795668372,89.65517241379311,367.55263805389404,100.0,30,2.8214285714285716,2.9642857142857144,1.0,1.2857142857142858,31.03448275862069,44.827586206896555
P17,22,gamma,8,3,30,30,100.0,L3,20.0,7,6.62270836389411,86.20689655172413,374.27282333374023,100.0,30,4.642857142857143,5.464285714285714,1.25,2.1785714285714284,58.620689655172406,58.620689655172406
P17,27,beta,9,3,30,30,100.0,R2,46.666666666666664,6,4.082557763363656,65.51724137931035,347.3705053329468,100.0,30,2.4285714285714284,2.2142857142857144,0.6071428571428571,1.5357142857142858,27.586206896551722,48.275862068965516
P18,4,beta,1,1,30,30,100.0,R2,53.333333333333336,5,3.446601368194928,68.96551724137932,458.66894721984863,100.0,30,2.6785714285714284,2.892857142857143,0.35714285714285715,1.2142857142857142,48.275862068965516,48.275862068965516
P18,6,alpha,2,1,30,30,100.0,R2,56.666666666666664,5,2.795976601289283,34.48275862068966,406.86607360839844,100.0,30,2.4642857142857144,1.4642857142857142,0.21428571428571427,0.9285714285714286,31.03448275862069,31.03448275862069
P18,9,beta,3,2,30,30,100.0,L2,53.333333333333336,2,1.9955571994469739,31.03448275862069,356.8178415298462,100.0,30,2.2142857142857144,2.357142857142857,0.0,1.4285714285714286,31.03448275862069,44.827586206896555
P18,12,gamma,4,1,30,30,100.0,R2,46.666666666666664,5,3.514044510186825,58.620689655172406,414.7770404815674,96.66666666666667,29,4.111111111111111,5.481481481481482,0.37037037037037035,1.9259259259259258,25.0,53.57142857142857
P18,19,gamma,5,2,30,30,100.0,R2,46.666666666666664,4,3.3728883157876437,65.51724137931035,413.97225856781006,93.33333333333333,28,4.884615384615385,5.269230769230769,0.38461538461538464,1.6923076923076923,44.44444444444444,59.25925925925925
P18,20,alpha,6,2,30,30,100.0,R2,53.333333333333336,5,3.4892333392398336,44.827586206896555,423.66790771484375,100.0,30,1.7857142857142858,1.5357142857142858,0.17857142857142858,1.0,27.586206896551722,34.48275862068966
P18,22,beta,7,3,30,30,100.0,R2,46.666666666666664,5,3.6717562357342715,51.724137931034484,419.30103302001953,100.0,30,2.9285714285714284,3.142857142857143,0.39285714285714285,1.25,31.03448275862069,44.827586206896555
P18,26,gamma,8,3,30,30,100.0,L3,33.333333333333336,5,3.712193376582258,75.86206896551724,403.51247787475586,100.0,30,4.035714285714286,5.035714285714286,0.5357142857142857,2.25,58.620689655172406,51.724137931034484
P18,27,alpha,9,3,30,30,100.0,R2,76.66666666666667,2,1.721632177609972,37.93103448275862,343.0006504058838,93.33333333333333,28,1.9230769230769231,1.6923076923076923,0.0,1.0384615384615385,40.74074074074074,33.33333333333333
P19,2,beta,1,1,30,30,100.0,R2,36.666666666666664,7,4.951597693224589,86.20689655172413,646.0989713668823,100.0,30,2.3214285714285716,2.2142857142857144,0.7142857142857143,1.5357142857142858,41.37931034482759,48.275862068965516
P19,11,beta,2,2,30,30,100.0,R2,43.333333333333336,5,4.1015417201729125,79.3103448275862,464.6068811416626,100.0,30,2.5,2.357142857142857,0.5357142857142857,1.4285714285714286,37.93103448275862,44.827586206896555
P19,14,alpha,3,1,30,30,100.0,L2,30.0,5,4.130851920890754,79.3103448275862,458.1935405731201,100.0,30,2.5357142857142856,1.5357142857142858,0.6428571428571429,0.9642857142857143,34.48275862068966,27.586206896551722
P19,17,alpha,4,2,30,30,100.0,R2,43.333333333333336,5,4.03211597203424,86.20689655172413,513.9909982681274,100.0,30,1.75,1.8214285714285714,0.5357142857142857,0.9642857142857143,48.275862068965516,34.48275862068966
P19,21,gamma,5,1,30,30,100.0,L3,36.666666666666664,6,4.478276433826229,79.3103448275862,482.60390758514404,100.0,30,4.142857142857143,5.428571428571429,0.8571428571428571,2.0,37.93103448275862,58.620689655172406
P19,22,alpha,6,3,30,30,100.0,R3,43.333333333333336,5,3.9142341221935197,79.3103448275862,472.21601009368896,100.0,30,2.142857142857143,1.2142857142857142,0.6071428571428571,0.8571428571428571,34.48275862068966,31.03448275862069
P19,24,beta,7,3,30,30,100.0,R2,36.666666666666664,6,4.800090160928372,89.65517241379311,454.56957817077637,100.0,30,2.7142857142857144,2.9285714285714284,0.7142857142857143,1.2857142857142858,48.275862068965516,41.37931034482759
P19,25,gamma,8,2,30,30,100.0,L3,30.0,6,4.586573773212009,79.3103448275862,505.6215524673462,100.0,30,4.821428571428571,4.714285714285714,0.75,2.0,51.724137931034484,58.620689655172406
P19,26,gamma,9,3,30,30,100.0,L3,36.666666666666664,6,4.298387858984916,86.20689655172413,453.09555530548096,100.0,30,4.857142857142857,5.642857142857143,0.7142857142857143,2.1785714285714284,65.51724137931035,55.172413793103445
P20,2,alpha,1,1,30,30,100.0,L2,26.666666666666668,7,5.866842434632822,96.55172413793103,362.87498474121094,100.0,30,1.4642857142857142,1.4642857142857142,0.75,0.9285714285714286,31.03448275862069,31.03448275862069
P20,3,alpha,2,2,30,30,100.0,L2,23.333333333333332,6,5.126886585036255,100.0,367.09535121917725,100.0,30,1.7857142857142858,1.3928571428571428,0.8571428571428571,1.0,44.827586206896555,34.48275862068966
P20,8,gamma,3,1,30,30,100.0,L4,23.333333333333332,8,7.175199923018792,93.10344827586206,518.6460018157959,100.0,30,4.035714285714286,5.035714285714286,1.5714285714285714,2.25,58.620689655172406,51.724137931034484
P20,11,gamma,4,2,30,30,100.0,L2,30.0,7,6.232373289971269,93.10344827586206,473.716139793396,100.0,30,3.9642857142857144,4.892857142857143,1.3214285714285714,2.142857142857143,55.172413793103445,55.172413793103445
P20,14,gamma,5,3,30,30,100.0,R2,20.0,8,7.458727727162197,100.0,514.0784978866577,100.0,30,4.964285714285714,5.107142857142857,1.8928571428571428,1.9285714285714286,48.275862068965516,55.172413793103445
P20,16,alpha,6,3,30,30,100.0,R3,33.333333333333336,5,4.294512145472284,89.65517241379311,417.2405004501343,100.0,30,1.9285714285714286,1.2142857142857142,0.75,0.8571428571428571,41.37931034482759,31.03448275862069
P20,17,beta,7,1,30,30,100.0,R2,36.666666666666664,6,4.940185635396887,93.10344827586206,426.48613452911377,100.0,30,2.7857142857142856,2.9642857142857144,0.8928571428571429,1.2857142857142858,44.827586206896555,44.827586206896555
P20,22,beta,8,2,30,30,100.0,R2,36.666666666666664,7,5.282125158419298,86.20689655172413,493.2669401168823,100.0,30,2.857142857142857,3.142857142857143,0.8928571428571429,1.25,37.93103448275862,44.827586206896555
P20,26,beta,9,3,30,30,100.0,R2,36.666666666666664,5,4.174683153007154,72.41379310344827,471.08542919158936,100.0,30,3.357142857142857,2.9285714285714284,0.6785714285714286,1.2857142857142858,34.48275862068966,41.37931034482759
